function,address,size,segment,c_file,status,notes
StopIfFree,4A80E,36,037_4842A_engine_player_logic,src/c/037_4842A_engine_player_logic/StopIfFree.c,matched,
assexit,4D509,31,037_4842A_engine_player_logic,src/c/037_4842A_engine_player_logic/assexit.c,matched,
pucknorm,4D8C7,54,037_4842A_engine_player_logic,src/c/037_4842A_engine_player_logic/pucknorm.c,matched,
pucknothing puckunflip,4D8FD,59,037_4842A_engine_player_logic,src/c/037_4842A_engine_player_logic/pucknothing.c,matched,
joyq_flush,4FD47,27,038_4FCE8_engine_input,src/c/038_4FCE8_engine_input/joyq_flush.c,matched,
joyq_peek,4FD62,44,038_4FCE8_engine_input,src/c/038_4FCE8_engine_input/joyq_peek.c,matched,
Sweepcheck,532A2,27,040_53294_engine_physics_ai,src/c/040_53294_engine_physics_ai/Sweepcheck.c,matched,
ToFixed,53294,14,040_53294_engine_physics_ai,src/c/040_53294_engine_physics_ai/ToFixed.c,matched,
setpassmode,551AF,32,040_53294_engine_physics_ai,src/c/040_53294_engine_physics_ai/setpassmode.c,matched,
CrowdNoiseReset,59863,33,041_59493_engine_sound_iface,src/c/041_59493_engine_sound_iface/CrowdNoiseReset.c,matched,
PaOpenBank,59D54,29,041_59493_engine_sound_iface,src/c/041_59493_engine_sound_iface/PaOpenBank.c,matched,
PaPlayerNumber,59B0F,45,041_59493_engine_sound_iface,src/c/041_59493_engine_sound_iface/PaPlayerNumber.c,matched,
PaSpeechBusy,59AAD,35,041_59493_engine_sound_iface,src/c/041_59493_engine_sound_iface/PaSpeechBusy.c,matched,
WaitDigiSample,599EE,35,041_59493_engine_sound_iface,src/c/041_59493_engine_sound_iface/WaitDigiSample.c,matched,
AvgCline,5A03B,104,042_59D9A_engine_core,src/c/042_59D9A_engine_core/AvgCline.c,matched,
ClearSortCords,5BA4E,59,042_59D9A_engine_core,src/c/042_59D9A_engine_core/ClearSortCords.c,matched,
GameOver,5DD9E,30,042_59D9A_engine_core,src/c/042_59D9A_engine_core/GameOver.c,matched,
GetPeriodTime,5B9D1,54,042_59D9A_engine_core,src/c/042_59D9A_engine_core/GetPeriodTime.c,matched,
Intermission,5DE42,46,042_59D9A_engine_core,src/c/042_59D9A_engine_core/Intermission.c,matched,
LockScroll,5CD25,42,042_59D9A_engine_core,src/c/042_59D9A_engine_core/LockScroll.c,matched,
PenTeamScored,5AAAE,136,042_59D9A_engine_core,src/c/042_59D9A_engine_core/PenTeamScored.c,matched,
RestBench,5C1E2,102,042_59D9A_engine_core,src/c/042_59D9A_engine_core/RestBench.c,matched,
SetExitGame,5DDBC,30,042_59D9A_engine_core,src/c/042_59D9A_engine_core/SetExitGame.c,matched,
SetSPA,59D9A,33,042_59D9A_engine_core,src/c/042_59D9A_engine_core/SetSPA.c,matched,
StartGame,5E086,42,042_59D9A_engine_core,src/c/042_59D9A_engine_core/StartGame.c,matched,
forceteams forcepldata,5E0B0,189,042_59D9A_engine_core,src/c/042_59D9A_engine_core/forceteams.c,matched,
restorepl,59FE1,90,042_59D9A_engine_core,src/c/042_59D9A_engine_core/restorepl.c,matched,
restoreteams,5B97A,87,042_59D9A_engine_core,src/c/042_59D9A_engine_core/restoreteams.c,matched,
EvadePlayers,5E4C4,819,043_5E16D_engine_skating,src/c/043_5E16D_engine_skating/EvadePlayers.c,nonmatching,"body matches to +1A7 (of 333h); the original frame has one more dword (sub esp,14h): a swap spill at [esp] for the vtoa args because ebp is busy there; this draft keeps ebp free (frame 10h)"
StopNA,5F82A,136,043_5E16D_engine_skating,src/c/043_5E16D_engine_skating/StopNA.c,nonmatching,shares the EvadePlayers pop/ret epilogue (jmp EvadePlayers_popedi): must join EvadePlayers in one file; body also keeps 5 registers (push 18h) where this draft needs 2
dostop,5F745,229,043_5E16D_engine_skating,src/c/043_5E16D_engine_skating/dostop.c,matched,
goalieacc,5F8B2,216,043_5E16D_engine_skating,src/c/043_5E16D_engine_skating/goalieacc.c,matched,
playeracc,5EDAD,673,043_5E16D_engine_skating,src/c/043_5E16D_engine_skating/playeracc.c,matched,
skateto,5E93B,476,043_5E16D_engine_skating,src/c/043_5E16D_engine_skating/skateto.c,nonmatching,1 instruction off: the original loads the pucky pointer into eax and Xvel|Yvel as eax=Xvel/edx=Yvel; wcc picks edx in both (register cache of regd0 in eax?)
ClearPenaltyBuffer,63D3C,45,045_614C2_scoring_penalty_text,src/c/045_614C2_scoring_penalty_text/ClearPenaltyBuffer.c,matched,
updatePPTeamTime,63B57,46,045_614C2_scoring_penalty_text,src/c/045_614C2_scoring_penalty_text/updatePPTeamTime.c,matched,
CloseTextOverlay,66DDA,44,046_644A8_engine_display,src/c/046_644A8_engine_display/CloseTextOverlay.c,matched,
ReplayFirstFrame,67581,31,046_644A8_engine_display,src/c/046_644A8_engine_display/ReplayFirstFrame.c,matched,
ReplayPrevFrame,675A0,54,046_644A8_engine_display,src/c/046_644A8_engine_display/ReplayPrevFrame.c,matched,
ReplayRecordReset,67564,29,046_644A8_engine_display,src/c/046_644A8_engine_display/ReplayRecordReset.c,matched,
